key,WBS,title,delivery_owner,gate,priority,state,blockers,acceptance
PLG-11,D1,"Confirm launch properties, countries and scope",Codex,G0,HIGH,BACKLOG,,"Owner-reviewed Platinum Hotel Mozambique pilot scope, room/role inventory, required integrations and exclusions; multi-property technical qualification remains required; no implied legal/provider eligibility."
PLG-12,D2,Measure current staff workflow baseline,Codex,G0,HIGH,BACKLOG,PLG-11,"M01/M02 protocol, role journey inventory and consented/anonymized matched task timings at participating hotels."
PLG-13,D3,"Validate financial, guest-registration and privacy policies",Antigravity development team,G0,CRITICAL,BACKLOG,PLG-11,"Accountant/legal-reviewed taxes, invoice numbering, deposits, cancellation/no-show, refunds, credit balance, guest reporting and retention per jurisdiction."
PLG-14,D4,Validate regional payment provider and merchant readiness,Antigravity development team,G0,CRITICAL,BACKLOG,PLG-11,"Country/currency/payout/refund/terminal eligibility, sandbox access, hosted capture and merchant obligations documented; owner procurement decision."
PLG-15,D5,"Agree backend architecture, capacity and cost model",Antigravity development team,G0,HIGH,BACKLOG,PLG-13 PLG-14,"ADRs for database/identity/hosting/job boundaries; capacity estimate and engineering/operating cost categories reviewed, no invented approvals."
PLG-16,D6,Acknowledge ownership and synchronize execution planning,Antigravity development team,G0,HIGH,BACKLOG,PLG-11,Antigravity acknowledges agreement; shared MAS-PM synchronization/principals validated; precise scopes and task splits proposed without granting permissions.
PLG-17,F1,Plan selective prototype/frontier integration,Antigravity development team,G1,HIGH,BACKLOG,PLG-15 PLG-16,Reviewed branch divergence and selective integration plan preserves frontier security/ownership; legacy modules inventoried and disabled unless qualified.
PLG-18,F2,Implement organization/property data model and migrations,Antigravity development team,G1,CRITICAL,BACKLOG,PLG-17,"Versioned reversible-or-recoverable migrations, membership model and two-org/two-property fixtures; property-local config, room numbering and timezone/currency."
PLG-19,F3,Implement production authentication and scoped authorization,Antigravity development team,G1,CRITICAL,BACKLOG,PLG-18,"Privileged MFA, revocation/recovery, secure session behavior and server checks for every resource/file/export/job; negative tests M05."
PLG-20,F4,Publish versioned API and operation contract,Antigravity development team,G1,HIGH,BACKLOG,PLG-18 PLG-19,"Jointly reviewed OpenAPI, pagination, capabilities, record versions, errors, correlation IDs, durable retry semantics and fixtures."
PLG-21,F5,"Provision staging, CI and deployment/migration skeleton",Antigravity development team,G1,HIGH,BACKLOG,PLG-15 PLG-17,"Separated environments/secrets, candidate-bound CI, smoke checks and reviewed migration rollout; no production activation."
PLG-22,U1,Inventory frontend gaps and specify role journeys,Codex,G1,HIGH,BACKLOG,PLG-11 PLG-12,Core journeys with all loading/error/stale/conflict/permission states and role/property navigation mapped to required APIs.
PLG-23,U2,Define design system and approved art direction,Codex,G1,HIGH,BACKLOG,PLG-22,"Accessible component/token specifications, readable typography, semantic status design, EN/PT guidance and image-rights register."
PLG-24,U3,Implement property/role-aware shell and safe switching,Codex,G1,HIGH,BACKLOG,PLG-23 PLG-20,"Property identity visible, stale responses rejected, scoped caches cleared, unsaved input handled; group actions require explicit property."
PLG-25,U4,Implement accessible components and resilient API client,Codex,G1,HIGH,BACKLOG,PLG-23 PLG-20,"Keyboard/dialog/form states, input preservation, retained operation keys, pagination and version-conflict handling; browser checks at target sizes/zoom."
PLG-26,R1,"Implement inventory, rates and reservation policy snapshots",Antigravity development team,G2,HIGH,BACKLOG,PLG-20 PLG-13,"Room types/sellable inventory, rate/capacity/deposit/cancellation snapshots and business-date semantics tested."
PLG-27,R2,Implement concurrent-safe reservation lifecycle and room moves,Antigravity development team,G2,CRITICAL,BACKLOG,PLG-26,"Creation/amend/cancel/no-show/move invariants; M06 races, version conflicts and idempotent commands verified."
PLG-28,R3,Implement check-in/out eligibility and exception APIs,Antigravity development team,G2,HIGH,BACKLOG,PLG-27 PLG-13,"Clean/unblocked/available room enforcement, dates/occupancy, settlement/credit policy and audited overrides; no client-only policy."
PLG-29,R4,Build reservations/calendar and front-desk workspaces,Codex,G2,HIGH,BACKLOG,PLG-24 PLG-25 PLG-27 PLG-28,Scoped availability/create/amend/arrivals/departures/in-house flows integrate real APIs with retained input and clear property context.
PLG-30,R5,Verify reservation/front-desk integration and regression,Antigravity development team,G2,HIGH,BACKLOG,PLG-29,"Actual candidate-bound lifecycle/browser/concurrency evidence; hotel supervisor signs scenarios, Codex reviews UI contract."
PLG-31,B1,Implement immutable property/legal-entity journal and folios,Antigravity development team,G3,CRITICAL,BACKLOG,PLG-20 PLG-13,"Balanced currency-aware journal, deposits/receivables/earned revenue separation, split folios/routing, reversals and audit golden fixtures."
PLG-32,B2,"Implement taxes, invoice/receipt rules and financial exports",Antigravity development team,G3,HIGH,BACKLOG,PLG-31,Accountant-approved rounding/numbering/tax examples reconcile; permission-safe/formula-safe exports and no destructive financial edits.
PLG-33,B3,Implement nightly posting and resumable business-day close,Antigravity development team,G3,HIGH,BACKLOG,PLG-31 PLG-27,"Timezone/DST/late posting fixtures; idempotent nightly close, restart-safe checkpoints and explicit failed/partial close status."
PLG-34,B4,Integrate provider capture/refunds and verified webhooks,Antigravity development team,G3,CRITICAL,BACKLOG,PLG-31 PLG-14 PLG-21,"Hosted/tokenized flows, signed/deduplicated/out-of-order events, lost acknowledgement and unknown states; no PAN/CVV storage."
PLG-35,B5,"Implement tender, shift and provider settlement reconciliation",Antigravity development team,G3,CRITICAL,BACKLOG,PLG-32 PLG-33 PLG-34,"Cash/bank/manual/provider tenders, refund limits and discrepancy workflow; M07 replay/fault fixtures and settlement totals reconcile."
PLG-36,B6,"Build billing, checkout and reconciliation frontend",Codex,G3,HIGH,BACKLOG,PLG-25 PLG-32 PLG-33 PLG-34 PLG-35 PLG-29,Folios/invoices/tenders/refunds/shift close/uncertain payments integrate actual APIs; high-risk confirmations and role-safe details.
PLG-37,B7,Qualify finance and payment acceptance,Antigravity development team,G3,HIGH,BACKLOG,PLG-36,"Finance independent review, M07, sandbox proof and separately authorized live smoke/settlement evidence; operational runbooks accepted."
PLG-38,H1,Implement housekeeping assignment and inspection workflow,Antigravity development team,G4,HIGH,BACKLOG,PLG-20 PLG-28,"Distinct occupancy/cleaning/readiness, assignments/priorities and supervisor inspection with audit/version conflicts."
PLG-39,H2,Implement emergency maintenance and inventory relocation,Antigravity development team,G4,HIGH,BACKLOG,PLG-38 PLG-27,Out-of-service with current/future stays creates accountable relocation workflow; availability and guest communication states remain safe.
PLG-40,H3,Build mobile housekeeping and supervisor workspace,Codex,G4,HIGH,BACKLOG,PLG-25 PLG-38 PLG-39,"Assigned rooms/priorities, safe bulk actions, quick updates and inspection; stale/offline state explicit; M04 task checks."
PLG-41,H4,Verify readiness propagation and handover,Antigravity development team,G4,HIGH,BACKLOG,PLG-40,"M04 server propagation and browser integration; back-to-back arrivals, room failure and staff handover scenarios reviewed."
PLG-42,M1,Implement property/group metrics and actionable exception APIs,Antigravity development team,G4,HIGH,BACKLOG,PLG-35 PLG-39 PLG-28,"Reviewed occupancy/ADR/RevPAR definitions, separate currencies, safe drill-down and source/owner/age/next action for every priority exception."
PLG-43,M2,Build Today workspace and portfolio management views,Codex,G4,HIGH,BACKLOG,PLG-24 PLG-42 PLG-36 PLG-40,"Role-focused tasks, arrival/payment/cleaning exceptions, scoped portfolio and drill-down with freshness and action accountability."
PLG-44,M3,Measure and refine staff productivity,Codex,G4,HIGH,BACKLOG,PLG-43 PLG-12,"Matched M01–M04/M14 study; disclose sample and failures, record improvements and remeasure changed candidate."
PLG-45,Q1,"Implement monitoring, audit retention and incident runbooks",Antigravity development team,G5,HIGH,BACKLOG,PLG-21 PLG-35 PLG-41,"Redacted logs, critical synthetic checks, correlation IDs, protected audit retention, alert routing and staffed escalation proposal."
PLG-46,Q2,Implement off-site recovery and conduct two restore drills,Antigravity development team,G5,CRITICAL,BACKLOG,PLG-45,"Coordinated DB/files/jobs/keys recovery, independent encrypted backups, witnessed M11 and transaction/provider reconciliation."
PLG-47,Q3,Run independent security and tenant isolation qualification,Antigravity development team,G5,CRITICAL,BACKLOG,PLG-37 PLG-41 PLG-42,"ASVS 5.0 applicable Level 2 mapping, M05, upload/CSRF/session/dependency/config checks; no unresolved critical/high findings."
PLG-48,Q4,"Run backend load, soak and fault qualification",Antigravity development team,G5,HIGH,BACKLOG,PLG-37 PLG-41 PLG-42,"M06–M08 scenario dataset, 8h soak, restart/provider faults and correctness/performance results tied to candidate."
PLG-49,Q5,"Qualify accessibility, frontend performance and localization",Codex,G5,HIGH,BACKLOG,PLG-44,M09/M12 manual keyboard/screen-reader/zoom checks plus browser traces; EN/PT and property currency/timezone examples reviewed.
PLG-50,Q6,Prepare qualification packet and release recommendation,Antigravity development team,G5,CRITICAL,BACKLOG,PLG-46 PLG-47 PLG-48 PLG-49,"Candidate-specific evidence, independent reviews, known risks, monitoring/support and gate decisions; owner decides production release."
PLG-51,L1,Develop and rehearse migration with opening-balance reconciliation,Antigravity development team,G5,HIGH,BACKLOG,PLG-37 PLG-41 PLG-42,"Two-property mapping/dedup/import rehearsals; inventory, deposits, balances and guest provenance reconcile; no blind password/session copies."
PLG-52,L2,Prepare role training and safe manual continuity guides,Codex,G5,HIGH,BACKLOG,PLG-44 PLG-37 PLG-41,"Role guides, emergency property-safe procedures and training trial M13; hotel staff and Antigravity review correctness."
PLG-53,L3,"Approve cutover, rollback and support coverage",Antigravity development team,G5,CRITICAL,BACKLOG,PLG-51 PLG-52 PLG-50,"Write fence, backup verification, forward recovery/payment limits and escalation rehearsed; owner-approved staffing and cutover decision."
PLG-54,L4,Execute authorized staged multi-property rollout,Antigravity development team,G6,CRITICAL,BACKLOG,PLG-53,"Only after release authorization: candidate deployment, opening totals verified, monitored cohort and documented stop/rollback conditions."
PLG-55,L5,Complete operational acceptance and support handover,Antigravity development team,G6,HIGH,BACKLOG,PLG-54,"M15 14-day evidence at Platinum Hotel Mozambique, daily inventory/finance close, M01–M04/M13 reports, multi-property synthetic qualification, known issues and owner expansion decision; live second-property acceptance deferred."
